Unnamed: 0,Id,Uid,Name,Empty Slots,Free Bikes,Last Updated,Renting Bikes,Returning Bikes,Latitude,Longitude,Timestamp,Rating,Review Count
0.0,7a19c49f486d7c0c02b3685d7b240448,1,10th & Cambie,8,26,1702876024.0,1,True,0.0,0.0,2023-12-18T05:07:50.365000Z,0.0,0
1.0,bf8408067b0e0c963f3ff526977bcef3,16,Pender & Burrard,9,16,1702875874.0,1,True,0.0,0.0,2023-12-18T05:07:50.469000Z,0.0,0
2.0,fad9ebcf614dd1a72593a34072ff76f8,39,Helmcken & Burrard,10,4,1702875697.0,1,True,0.0,0.0,2023-12-18T05:07:49.987000Z,0.0,0
3.0,be14efdc86dedd6a8cd338e78ab4e7c7,60,Bidwell & Burnaby,26,0,0.0,0,False,0.0,0.0,2023-12-18T05:07:50.342000Z,0.0,0
4.0,93c88a18c673e2c72a6afa93d6b89f18,74,10th & Main,7,11,1702876035.0,1,True,0.0,0.0,2023-12-18T05:07:50.457000Z,0.0,0
5.0,97b25faf822b93fdbf72da1d594c0288,98,Carrall & Hastings,0,17,1702876009.0,1,True,0.0,0.0,2023-12-18T05:07:50.568000Z,0.0,0
6.0,826af7eee4ce28b6fa4b4f0211305792,110,5th & Arbutus,11,2,1702875942.0,1,True,0.0,0.0,2023-12-18T05:07:50.136000Z,0.0,0
7.0,b9ab6ce009eda6006ade1d7568d9db9c,-120,David Lam Park,5,13,1702875739.0,1,True,49.27233,-123.124359,2023-12-18T05:07:49.985000Z,0.0,0
8.0,57e928d8c30fab0ebffb3ede850f89d6,-103,Arbutus Greenway & Fir,0,16,1702875745.0,1,True,0.0,0.0,2023-12-18T05:07:50.564000Z,0.0,0
9.0,b30ed0719dd281867a4d39779c78b58a,-76,Columbia & 14th,6,8,1702876022.0,1,True,0.0,0.0,2023-12-18T05:07:50.326000Z,0.0,0
10.0,82c794442f54fabf9db6e392ca1fac0f,-47,Stanley Park - Information Booth,17,3,1702875722.0,1,True,0.0,0.0,2023-12-18T05:07:50.239000Z,0.0,0
11.0,ac3b8198f03754a0afb8b6ed6d220cdd,-25,Napier & Commercial,9,5,1702875754.0,1,True,0.0,0.0,2023-12-18T05:07:50.036000Z,0.0,0
12.0,e1ff428dadc7c32141b9d89a7b56728a,-10,Glen & Broadway,16,2,1702875462.0,1,True,0.0,0.0,2023-12-18T05:07:50.364000Z,0.0,0
13.0,0cee06d7d10f7d3162cea03d22b7beed,4,10th & Fraser,13,1,1702876012.0,1,True,0.0,0.0,2023-12-18T05:07:50.218000Z,0.0,0
14.0,08c7a90bf297fde8c1f1156db13987d4,26,14th & Fraser,15,1,1702875595.0,1,True,0.0,0.0,2023-12-18T05:07:50.224000Z,0.0,0
15.0,b562f08327af465e4531e20226789489,-21,Charles & Commercial,17,5,1702876034.0,1,True,0.0,0.0,2023-12-18T05:07:50.008000Z,0.0,0
16.0,257715b845828e027ff35dd0f11c971e,124,Richards & Cordova,13,2,1702875808.0,1,True,0.0,0.0,2023-12-18T05:07:50.045000Z,0.0,0
17.0,ce5dccf5a0f190bb4567a2fd93e7971e,122,Haro & Denman,0,19,1702875913.0,1,True,0.0,0.0,2023-12-18T05:07:50.048000Z,0.0,0
18.0,58a026f0c506caec20697a4f90538450,-31,McLean & Pender,5,11,1702875670.0,1,True,0.0,0.0,2023-12-18T05:07:50.533000Z,0.0,0
19.0,9763838317308a4766b83696986a157b,-97,Dunbar & Broadway,15,11,1702875843.0,1,True,0.0,0.0,2023-12-18T05:07:50.548000Z,0.0,0
20.0,41a55a7e2908fbbd65175b794d26bc8d,-1,18th & Heather,7,9,1702875879.0,1,True,0.0,0.0,2023-12-18T05:07:50.282000Z,0.0,0
21.0,f5e8fa1fc4252bda2f93dd27ed2d603f,57,Nelson & Denman,1,16,1702875889.0,1,True,0.0,0.0,2023-12-18T05:07:50.594000Z,0.0,0
22.0,57d39a680c9407cda0fb4de6d9c55138,-7,28th & Willow,12,8,1702875705.0,1,True,0.0,0.0,2023-12-18T05:07:50.035000Z,0.0,0
23.0,0c42f45e4a14957ad4a6d521d0ba8bc3,41,Cardero & Robson,1,25,1702875984.0,1,True,0.0,0.0,2023-12-18T05:07:50.060000Z,0.0,0
24.0,b7dd37a7dd668d6d10024b7f18acc438,-53,Trimble & 8th,12,8,1702875934.0,1,True,0.0,0.0,2023-12-18T05:07:50.106000Z,0.0,0
0.0,0,0,33 Acres Brewing Co,0,0,0.0,0,0,49.263877,-123.105307,0,0.0,0
0.0,0,0,49th Parallel Coffee Roast,0,0,0.0,0,0,49.259164,-123.100851,0,0.0,0
0.0,0,0,A Bread Affair,0,0,0.0,0,0,49.27248,-123.135889,0,0.0,0
0.0,0,0,Angus T,0,0,0.0,0,0,49.275871,-123.119875,0,0.0,0
0.0,0,0,Anh and Chi,0,0,0.0,0,0,49.255019,-123.100904,0,4.0,-115
0.0,0,0,AnnaLena,0,0,0.0,0,0,49.270791,-123.146937,0,4.5,97
0.0,0,0,Aphrodite's Organic Cafe & Pie Shop,0,0,0.0,0,0,49.268461,-123.183309,0,0.0,0
0.0,0,0,Au Comptoir,0,0,0.0,0,0,49.268082,-123.157004,0,4.0,-44
0.0,0,0,Banyen Books & Sound,0,0,0.0,0,0,49.268435,-123.183874,0,0.0,0
0.0,0,0,Beaucoup Bakery & Cafe,0,0,0.0,0,0,49.266477,-123.140728,0,4.0,74
0.0,0,0,Beyond Bread Ltd,0,0,0.0,0,0,49.268507,-123.185502,0,0.0,0
0.0,0,0,Biercraft,0,0,0.0,0,0,49.274082,-123.069911,0,0.0,0
0.0,0,0,Bloedel Floral Conservatory,0,0,0.0,0,0,49.242137,-123.113756,0,0.0,0
0.0,0,0,Blue Water Cafe + Raw Bar,0,0,0.0,0,0,49.276123,-123.121114,0,0.0,0
0.0,0,0,Breka Downtown Bakery Cafe Inc,0,0,0.0,0,0,49.268532,-123.18672,0,0.0,0
0.0,0,0,Burgoo Bistro,0,0,0.0,0,0,49.263678,-123.207137,0,4.0,-82
0.0,0,0,Cactus Club Cafe,0,0,0.0,0,0,49.28666,-123.14278,0,4.0,-27
0.0,0,0,Callister Brewing Co,0,0,0.0,0,0,49.282096,-123.07627,0,0.0,0
0.0,0,0,Charleson Park,0,0,0.0,0,0,49.266831,-123.124538,0,0.0,0
0.0,0,0,Coal Harbour Gifts,0,0,0.0,0,0,49.28443,-123.112168,0,0.0,0
0.0,0,0,Coal Harbour Seawall,0,0,0.0,0,0,49.291405,-123.123067,0,0.0,0
0.0,0,0,Commodore Ballroom,0,0,0.0,0,0,49.280556,-123.12045,0,0.0,0
0.0,0,0,Corduroy Pie Co,0,0,0.0,0,0,49.256904,-123.121177,0,0.0,0
0.0,0,0,Dragon Ball Tea House,0,0,0.0,0,0,49.24949,-123.127924,0,0.0,0
0.0,0,0,Dude Chilling Park,0,0,0.0,0,0,49.263472,-123.096107,0,0.0,0
0.0,0,0,Earnest Ice Cream,0,0,0.0,0,0,49.249334,-123.089877,0,4.5,-123
0.0,0,0,East Is East,0,0,0.0,0,0,49.264423,-123.176637,0,4.0,43
0.0,0,0,Elysian Coffee,0,0,0.0,0,0,49.264531,-123.105038,0,0.0,0
0.0,0,0,Elysian Coffee Broadway,0,0,0.0,0,0,49.263077,-123.117243,0,0.0,0
0.0,0,0,English Bay Beach,0,0,0.0,0,0,49.286311,-123.143487,0,0.0,0
0.0,0,0,Eye Kandee Lingerie,0,0,0.0,0,0,49.286089,-123.139811,0,0.0,0
0.0,0,0,Fable,0,0,0.0,0,0,49.267954,-123.149127,0,0.0,0
0.0,0,0,Fable Diner,0,0,0.0,0,0,49.263042,-123.101505,0,4.0,76
0.0,0,0,False Creek Seawall,0,0,0.0,0,0,49.272732,-123.133558,0,0.0,0
0.0,0,0,FlyOver Canada,0,0,0.0,0,0,49.289031,-123.110613,0,0.0,0
0.0,0,0,Fujiya Japanese Foods,0,0,0.0,0,0,49.276572,-123.077019,0,0.0,0
0.0,0,0,George Wainborn Park,0,0,0.0,0,0,49.272361,-123.12939,0,0.0,0
0.0,0,0,Gotham Steakhouse & Cocktail Bar,0,0,0.0,0,0,49.282814,-123.115925,0,0.0,0
0.0,0,0,Granville Island Public Market,0,0,0.0,0,0,49.27209,-123.135,0,0.0,0
0.0,0,0,Granville Island Publishing,0,0,0.0,0,0,49.271996,-123.136172,0,0.0,0
0.0,0,0,Green Leaf Sushi,0,0,0.0,0,0,49.264138,-123.18018,0,4.0,-116
0.0,0,0,Guu with Garlic,0,0,0.0,0,0,49.290278,-123.133923,0,4.5,35
0.0,0,0,Gyu-Kaku BBQ,0,0,0.0,0,0,49.263202,-123.125769,0,0.0,0
0.0,0,0,HI-Vancouver Jericho Beach,0,0,0.0,0,0,49.273017,-123.203242,0,0.0,0
0.0,0,0,Harbour Green Park,0,0,0.0,0,0,49.289362,-123.121757,0,0.0,0
0.0,0,0,Hawksworth Restaurant,0,0,0.0,0,0,49.283302,-123.11938,0,4.0,-113
0.0,0,0,Hokkaido Ramen Santouka,0,0,0.0,0,0,49.290258,-123.13384,0,4.0,-33
0.0,0,0,Indian Oven Restaurant Ltd,0,0,0.0,0,0,49.267949,-123.150667,0,0.0,0
0.0,0,0,Indian Roti Kitchen,0,0,0.0,0,0,49.258983,-123.115272,0,4.5,-94
0.0,0,0,Indigo - Robson,0,0,0.0,0,0,49.28403,-123.123492,0,0.0,0
0.0,0,0,Jack Poole Plaza,0,0,0.0,0,0,49.289763,-123.117572,0,0.0,0
0.0,0,0,Jericho Beach,0,0,0.0,0,0,49.271705,-123.191696,0,4.5,26
0.0,0,0,Joe Fortes Seafood & Chop House,0,0,0.0,0,0,49.284956,-123.124545,0,4.0,-16
0.0,0,0,Keefer Bar,0,0,0.0,0,0,49.279619,-123.101293,0,0.0,0
0.0,0,0,Kingyo Izakaya 金魚居酒屋,0,0,0.0,0,0,49.290643,-123.136956,0,0.0,0
0.0,0,0,Kishimoto Japanese Kitchen + Sushi Bar,0,0,0.0,0,0,49.26661,-123.069522,0,0.0,0
0.0,0,0,Kitsilano Beach,0,0,0.0,0,0,49.273971,-123.155725,0,0.0,0
0.0,0,0,Konbiniya,0,0,0.0,0,0,49.286326,-123.127825,0,0.0,0
0.0,0,0,La Grotta Del Formaggio,0,0,0.0,0,0,49.268804,-123.06987,0,4.5,-66
0.0,0,0,La Mezcaleria,0,0,0.0,0,0,49.270076,-123.06941,0,4.0,40
0.0,0,0,La Petite Cuillere,0,0,0.0,0,0,49.263551,-123.099764,0,0.0,0
0.0,0,0,La Taqueria Pinche Taco Shop,0,0,0.0,0,0,49.263601,-123.112665,0,4.0,-83
0.0,0,0,Landmark Hotpot House,0,0,0.0,0,0,49.249755,-123.115621,0,4.0,121
0.0,0,0,Lemonade Gluten Free Bakery,0,0,0.0,0,0,49.255142,-123.115431,0,4.5,-122
0.0,0,0,Les Faux Bourgeois,0,0,0.0,0,0,49.257306,-123.089824,0,4.0,-57
0.0,0,0,Los Cuervos Taqueria & Cantina,0,0,0.0,0,0,49.257466,-123.091136,0,0.0,0
0.0,0,0,Matchstick Coffee,0,0,0.0,0,0,49.257296,-123.090229,0,4.0,-46
0.0,0,0,Meat & Bread,0,0,0.0,0,0,49.282674,-123.109342,0,4.0,19
0.0,0,0,Milano Coffee,0,0,0.0,0,0,49.263724,-123.108701,0,0.0,0
0.0,0,0,Muji 無印良品,0,0,0.0,0,0,49.285368,-123.12531,0,0.0,0
0.0,0,0,Nero Belgian Waffle Bar,0,0,0.0,0,0,49.278311,-123.122111,0,0.0,0
0.0,0,0,Neverland Tea Salon,0,0,0.0,0,0,49.264037,-123.173523,0,0.0,0
0.0,0,0,Nuba,0,0,0.0,0,0,49.264022,-123.174575,0,0.0,0
0.0,0,0,Osteria Savio Volpe,0,0,0.0,0,0,49.257425,-123.09097,0,4.0,-78
0.0,0,0,Pallet Coffee Roasters,0,0,0.0,0,0,49.28179,-123.063911,0,0.0,0
0.0,0,0,Parallel 49 Brewing Co,0,0,0.0,0,0,49.283798,-123.064405,0,0.0,0
0.0,0,0,Parthenon Supermarket,0,0,0.0,0,0,49.264037,-123.173523,0,0.0,0
0.0,0,0,Passion8 Dessert Cafe,0,0,0.0,0,0,49.25837,-123.114814,0,4.0,-44
0.0,0,0,Pepino's,0,0,0.0,0,0,49.278808,-123.070636,0,4.0,-105
0.0,0,0,Potluck Hawker Eatery,0,0,0.0,0,0,49.254508,-123.114891,0,3.5,91
0.0,0,0,Pulpfiction Books,0,0,0.0,0,0,49.263494,-123.100651,0,0.0,0
0.0,0,0,Pure Bread,0,0,0.0,0,0,49.266631,-123.104568,0,0.0,0
0.0,0,0,Queen Elizabeth Botanical Gardens,0,0,0.0,0,0,49.242081,-123.113751,0,0.0,0
0.0,0,0,Queen Elizabeth Park Fountains,0,0,0.0,0,0,49.241478,-123.113781,0,0.0,0
0.0,0,0,Queen Elizabeth Pitch & Putt,0,0,0.0,0,0,49.241058,-123.123231,0,0.0,0
0.0,0,0,R & B Brewing Inc,0,0,0.0,0,0,49.26727,-123.103568,0,0.0,0
0.0,0,0,Rackets & Runners,0,0,0.0,0,0,49.251133,-123.127172,0,0.0,0
0.0,0,0,Rain or Shine,0,0,0.0,0,0,49.255054,-123.114856,0,0.0,0
0.0,0,0,Rain or Shine Ice Cream,0,0,0.0,0,0,49.267929,-123.1488,0,4.5,-15
0.0,0,0,Raisu,0,0,0.0,0,0,49.268036,-123.158378,0,4.0,-56
0.0,0,0,Ramen Danbo - Robson,0,0,0.0,0,0,49.287499,-123.12898,0,0.0,0
0.0,0,0,Revolver,0,0,0.0,0,0,49.283261,-123.109473,0,0.0,0
0.0,0,0,Rio Theatre,0,0,0.0,0,0,49.262048,-123.070353,0,0.0,0
0.0,0,0,Saku,0,0,0.0,0,0,49.29141,-123.134912,0,4.5,-128
0.0,0,0,Sal y Limon,0,0,0.0,0,0,49.256878,-123.08922,0,0.0,0
0.0,0,0,Seaside Seawall,0,0,0.0,0,0,49.272387,-123.104085,0,0.0,0
0.0,0,0,Sephora,0,0,0.0,0,0,49.283972,-123.11724,0,0.0,0
0.0,0,0,Shaughnessy Restaurant,0,0,0.0,0,0,49.238654,-123.129837,0,3.0,112
0.0,0,0,Siegel's Bagels,0,0,0.0,0,0,49.272737,-123.147184,0,0.0,0
0.0,0,0,Small Victory,0,0,0.0,0,0,49.258291,-123.138568,0,0.0,0
0.0,0,0,Small Victory Bakery,0,0,0.0,0,0,49.276391,-123.121299,0,0.0,0
0.0,0,0,St. Augustine's,0,0,0.0,0,0,49.263783,-123.069526,0,0.0,0
0.0,0,0,Stanley Park,0,0,0.0,0,0,49.301704,-123.1417,0,5.0,70
0.0,0,0,Stanley Park English Bay Seawall,0,0,0.0,0,0,49.290133,-123.146728,0,0.0,0
0.0,0,0,Stanley Park Harbourfront Seawall,0,0,0.0,0,0,49.29722,-123.130866,0,0.0,0
0.0,0,0,Strange Fellows Brewing,0,0,0.0,0,0,49.272444,-123.077805,0,0.0,0
0.0,0,0,Tacofino,0,0,0.0,0,0,49.276488,-123.119685,0,3.5,-59
0.0,0,0,Takumi Japanese Restaurant,0,0,0.0,0,0,49.263617,-123.206889,0,3.5,31
0.0,0,0,Tavola,0,0,0.0,0,0,49.291843,-123.135761,0,4.5,113
0.0,0,0,The Burrow,0,0,0.0,0,0,49.259684,-123.06999,0,4.0,-4
0.0,0,0,The Cascade Room,0,0,0.0,0,0,49.261744,-123.100746,0,4.0,-23
0.0,0,0,The Downlow Chicken Shack,0,0,0.0,0,0,49.276378,-123.069781,0,0.0,0
0.0,0,0,The Gluten Free Epicurean,0,0,0.0,0,0,49.257337,-123.090395,0,4.0,-124
0.0,0,0,The Gourmet Warehouse,0,0,0.0,0,0,49.28102,-123.076179,0,0.0,0
0.0,0,0,The Inukshuk,0,0,0.0,0,0,49.284303,-123.143552,0,0.0,0
0.0,0,0,The Juice Truck,0,0,0.0,0,0,49.266384,-123.105358,0,0.0,0
0.0,0,0,The Mackenzie Room,0,0,0.0,0,0,49.283272,-123.095032,0,0.0,0
0.0,0,0,Thomas Haas Patisserie,0,0,0.0,0,0,49.264143,-123.163234,0,0.0,0
0.0,0,0,Toshi Sushi,0,0,0.0,0,0,49.256698,-123.101858,0,0.0,0
0.0,0,0,Totem Poles in Stanley Park,0,0,0.0,0,0,49.29916,-123.121052,0,0.0,0
0.0,0,0,Truffles Fine Foods,0,0,0.0,0,0,49.239427,-123.12893,0,0.0,0
0.0,0,0,VanDusen Botanical Garden,0,0,0.0,0,0,49.238594,-123.128586,0,4.5,-60
0.0,0,0,Vancouver Aquarium,0,0,0.0,0,0,49.30068270565011,-123.13085496425629,0,4.5,61
0.0,0,0,Vancouver Public Library,0,0,0.0,0,0,49.279513,-123.115381,0,0.0,0
0.0,0,0,Via Tevere Pizzeria,0,0,0.0,0,0,49.273873,-123.065512,0,4.0,81
0.0,0,0,Vij's,0,0,0.0,0,0,49.257598,-123.114829,0,0.0,0
0.0,0,0,Welk's Mart,0,0,0.0,0,0,49.253536,-123.101183,0,0.0,0
0.0,0,0,West Point Grey Academy,0,0,0.0,0,0,49.266549,-123.20017,0,0.0,0
0.0,0,0,49th Parallel Coffee,0,0,0.0,0,0,49.2680088064106,-123.154781059525,0,4.0,-44
0.0,0,0,AJ's Brooklyn Pizza Joint,0,0,0.0,0,0,49.2629437687572,-123.098307028413,0,4.5,-117
0.0,0,0,Absinthe Bistro,0,0,0.0,0,0,49.27607,-123.0692457,0,4.5,-115
0.0,0,0,Afghan Horsemen Restaurant,0,0,0.0,0,0,49.2694847203493,-123.138735294342,0,4.0,-7
0.0,0,0,Afuri Ramen + Dumpling,0,0,0.0,0,0,49.25994,-123.10151,0,4.0,23
0.0,0,0,Aleph Eatery,0,0,0.0,0,0,49.2849288,-123.065795,0,4.5,69
0.0,0,0,Alouette Bistro,0,0,0.0,0,0,49.2853,-123.11829,0,4.5,57
0.0,0,0,Ancora Waterfront Dining and Patio,0,0,0.0,0,0,49.27385345615888,-123.13257765112428,0,4.0,-33
0.0,0,0,Anna's Cake House,0,0,0.0,0,0,49.26217,-123.09073,0,4.0,48
0.0,0,0,Arike Restaurant,0,0,0.0,0,0,49.2868046,-123.1408561,0,5.0,26
0.0,0,0,Axum Restaurant,0,0,0.0,0,0,49.2814936637038,-123.07779582314,0,4.5,70
0.0,0,0,B House,0,0,0.0,0,0,49.264473795087,-123.069533295929,0,4.5,25
0.0,0,0,Ba Le Banh Mi,0,0,0.0,0,0,49.2626049,-123.0893899,0,3.5,31
0.0,0,0,Banana Leaf,0,0,0.0,0,0,49.28001,-123.13009,0,3.5,-15
0.0,0,0,Bao Bei Chinese Brasserie,0,0,0.0,0,0,49.2796095312486,-123.100574596039,0,4.0,-88
0.0,0,0,Bean Around the World Coffees,0,0,0.0,0,0,49.2636865,-123.2079184,0,4.0,29
0.0,0,0,Beeryani Indian Bistro & Bar,0,0,0.0,0,0,49.28724,-123.14124,0,4.5,36
0.0,0,0,Bella Gelateria,0,0,0.0,0,0,49.2865973,-123.14110231288184,0,4.0,122
0.0,0,0,Bella Roma Pizzeria & Ristorante,0,0,0.0,0,0,49.2636894,-123.208103,0,3.5,56
0.0,0,0,Bells and Whistles,0,0,0.0,0,0,49.2556805042778,-123.089684071771,0,3.0,124
0.0,0,0,Beta5 Chocolates,0,0,0.0,0,0,49.2696646,-123.0958401,0,4.5,51
0.0,0,0,Black Frog Eatery,0,0,0.0,0,0,49.284598,-123.108687,0,4.0,-41
0.0,0,0,Black Rice Izakaya,0,0,0.0,0,0,49.278444,-123.114329,0,4.0,45
0.0,0,0,Bloedel Conservatory,0,0,0.0,0,0,49.2414242,-123.1147553,0,4.5,-123
0.0,0,0,Blue Water Cafe,0,0,0.0,0,0,49.2761945,-123.1209935,0,4.5,56
0.0,0,0,Bombay Kitchen and Bar,0,0,0.0,0,0,49.2753791,-123.06925001456972,0,4.0,54
0.0,0,0,Bombay Masala Indian Restaurant,0,0,0.0,0,0,49.26407,-123.20835,0,4.5,24
0.0,0,0,Botanist,0,0,0.0,0,0,49.2883099,-123.1167271,0,4.5,-124
0.0,0,0,Browns Crafthouse Seymour,0,0,0.0,0,0,49.2841724124811,-123.113347974687,0,4.0,48
0.0,0,0,Browns Socialhouse Point Grey,0,0,0.0,0,0,49.2636639748682,-123.185155477975,0,3.5,49
0.0,0,0,Budgies Burritos,0,0,0.0,0,0,49.2634464768729,-123.100247082572,0,4.0,27
0.0,0,0,Burdock,0,0,0.0,0,0,49.26092,-123.10066,0,3.5,-72
0.0,0,0,Burgoo Bistros,0,0,0.0,0,0,49.25765498958033,-123.100815,0,4.0,-8
0.0,0,0,CRAFT Beer Market,0,0,0.0,0,0,49.2864807,-123.142214,0,4.0,37
0.0,0,0,Caffe La Tana,0,0,0.0,0,0,49.2788597356837,-123.070581380828,0,4.5,40
0.0,0,0,Caffe W,0,0,0.0,0,0,49.2642329148272,-123.18472912500756,0,4.5,42
0.0,0,0,Café Gloucester,0,0,0.0,0,0,49.25552,-123.11472,0,3.5,-107
0.0,0,0,Café Portrait,0,0,0.0,0,0,49.2881056129168,-123.140413686633,0,4.5,53
0.0,0,0,Calabash Bistro,0,0,0.0,0,0,49.281004479966,-123.104228199529,0,4.0,29
0.0,0,0,Cardero's Restaurant & Marine Pub,0,0,0.0,0,0,49.2914561357511,-123.127575841549,0,4.0,-107
0.0,0,0,Catoro Cafe,0,0,0.0,0,0,49.26216,-123.08963,0,4.0,34
0.0,0,0,Caveman Cafe,0,0,0.0,0,0,49.280802324947445,-123.10703500282293,0,4.5,17
0.0,0,0,Chambar,0,0,0.0,0,0,49.2801460007961,-123.109925328073,0,4.0,12
0.0,0,0,Chewies Steam & Oyster Bar - Kits,0,0,0.0,0,0,49.2709727,-123.1552829,0,3.5,37
0.0,0,0,Chi Vegan,0,0,0.0,0,0,49.2681947,-123.1487738,0,4.0,-49
0.0,0,0,Chinatown BBQ,0,0,0.0,0,0,49.280294,-123.1015,0,4.5,30
0.0,0,0,Chung Chun,0,0,0.0,0,0,49.29147304039323,-123.13512302935123,0,4.5,79
0.0,0,0,Cioppino's Mediterranean Grill,0,0,0.0,0,0,49.275522,-123.121794,0,4.5,-57
0.0,0,0,Circus Play Cafe,0,0,0.0,0,0,49.28109509999999,-123.0739001,0,4.0,53
0.0,0,0,City 1 Cafe,0,0,0.0,0,0,49.248391,-123.125497,0,3.5,97
0.0,0,0,Congee Noodle House,0,0,0.0,0,0,49.26316,-123.10213,0,3.5,95
0.0,0,0,Damso Modern Korean Cuisine,0,0,0.0,0,0,49.29063165285682,-123.13696164681824,0,4.0,-51
0.0,0,0,Delara,0,0,0.0,0,0,49.2680486,-123.1569183,0,4.0,46
0.0,0,0,Delhi 6 Indian Bistro,0,0,0.0,0,0,49.2653386,-123.1449329,0,4.5,-121
0.0,0,0,Di Beppe,0,0,0.0,0,0,49.28237705581659,-123.10450043738042,0,4.0,-115
0.0,0,0,Dinesty Dumpling House,0,0,0.0,0,0,49.2908176,-123.1343912,0,4.0,-66
0.0,0,0,Do Chay,0,0,0.0,0,0,49.25006,-123.0765,0,4.5,-91
0.0,0,0,Dockside Restaurant,0,0,0.0,0,0,49.2693844631928,-123.13101576314,0,3.0,23
0.0,0,0,Dolce Amore,0,0,0.0,0,0,49.27069306211316,-123.06932196564716,0,4.5,-107
0.0,0,0,Downlow Chicken Shack,0,0,0.0,0,0,49.2765067,-123.0696349,0,4.0,19
0.0,0,0,Dundas Eat + Drink,0,0,0.0,0,0,49.285084,-123.062273,0,4.5,73
0.0,0,0,Earls Kitchen + Bar,0,0,0.0,0,0,49.26392,-123.14126,0,3.0,-65
0.0,0,0,Elephant Garden Creamery,0,0,0.0,0,0,49.2661487,-123.0694056,0,4.5,-116
0.0,0,0,Elisa,0,0,0.0,0,0,49.2759562,-123.1213608,0,4.0,-51
0.0,0,0,España Restaurant,0,0,0.0,0,0,49.2880552,-123.1404114,0,4.0,-5
0.0,0,0,Eternal Abundance,0,0,0.0,0,0,49.2755401,-123.0696449,0,4.0,119
0.0,0,0,Everyday Sushi,0,0,0.0,0,0,49.2637446,-123.2111529,0,3.0,29
0.0,0,0,Fable Kitchen,0,0,0.0,0,0,49.2679331,-123.149019,0,4.5,6
0.0,0,0,Famoso Neapolitan Pizzeria,0,0,0.0,0,0,49.272346,-123.0693715,0,3.5,-7
0.0,0,0,Fanny Bay Oyster Bar & Shellfish Market,0,0,0.0,0,0,49.2787525,-123.1138689,0,4.5,33
0.0,0,0,Fassil Ethiopian Restaurant,0,0,0.0,0,0,49.262316686122,-123.08833077466,0,4.5,-107
0.0,0,0,Fat Mao Noodles,0,0,0.0,0,0,49.2799016,-123.1272458,0,4.5,50
0.0,0,0,Finch's Tea & Coffee House,0,0,0.0,0,0,49.2825732,-123.1113434,0,4.5,-96
0.0,0,0,Five Sails Restaurant,0,0,0.0,0,0,49.2880313351364,-123.113292160758,0,4.5,-70
0.0,0,0,Forage,0,0,0.0,0,0,49.28707,-123.12925,0,4.0,-55
0.0,0,0,Four Olives,0,0,0.0,0,0,49.2637239358184,-123.209597314524,0,4.0,28
0.0,0,0,Fritz European Fry House,0,0,0.0,0,0,49.2772045,-123.1265253,0,4.0,57
0.0,0,0,Ginger & Chili Restaurant,0,0,0.0,0,0,49.2639293,-123.2064836,0,3.0,46
0.0,0,0,Gojo Café,0,0,0.0,0,0,49.2589549,-123.069605,0,4.0,61
0.0,0,0,Gold Train Express,0,0,0.0,0,0,49.26355,-123.21015,0,3.5,41
0.0,0,0,Grapes & Soda,0,0,0.0,0,0,49.2663232,-123.1396602,0,4.5,44
0.0,0,0,Gringo,0,0,0.0,0,0,49.2831553214634,-123.105335897068,0,4.5,30
0.0,0,0,Grounds For Coffee,0,0,0.0,0,0,49.2637235,-123.1861003,0,4.5,-117
0.0,0,0,Guu Original Thurlow,0,0,0.0,0,0,49.2839786648396,-123.125567978574,0,4.0,30
0.0,0,0,Guu with Otokomae,0,0,0.0,0,0,49.2847191,-123.11038556296398,0,3.5,123
0.0,0,0,Gyu-Kaku Japanese BBQ,0,0,0.0,0,0,49.28031,-123.12467,0,4.0,-114
0.0,0,0,Hachibei Japanese Restaurant,0,0,0.0,0,0,49.256899,-123.1215336,0,4.0,74
0.0,0,0,Haidilao - Vancouver,0,0,0.0,0,0,49.26395,-123.17622,0,4.5,50
0.0,0,0,Hail Mary's,0,0,0.0,0,0,49.2623351,-123.0894392,0,4.5,16
0.0,0,0,Handi Grill,0,0,0.0,0,0,49.264072,-123.184133,0,3.5,80
0.0,0,0,Haraheri,0,0,0.0,0,0,49.280074,-123.125225,0,3.5,11
0.0,0,0,Harbour Oyster + Bar,0,0,0.0,0,0,49.2718946138822,-123.069181591272,0,4.0,76
0.0,0,0,Havana,0,0,0.0,0,0,49.273708,-123.069271,0,3.5,125
0.0,0,0,Hook Restaurant,0,0,0.0,0,0,49.2870144,-123.1419204,0,3.5,120
0.0,0,0,Hy's Steakhouse & Cocktail Bar,0,0,0.0,0,0,49.28468,-123.11927,0,4.0,96
0.0,0,0,Hydra Estiatorio,0,0,0.0,0,0,49.2856276,-123.1160679,0,3.5,-118
0.0,0,0,Ignite Pizzeria Mount Pleasant,0,0,0.0,0,0,49.26215691,-123.10085376,0,4.0,78
0.0,0,0,Indochine Kitchen,0,0,0.0,0,0,49.2631601,-123.1047,0,3.0,115
0.0,0,0,Itosugi Kappo Cuisine,0,0,0.0,0,0,49.264094,-123.184705,0,4.5,16
0.0,0,0,JOEY Bentall One,0,0,0.0,0,0,49.2864205554373,-123.118409514427,0,3.5,-20
0.0,0,0,JOEY Burrard,0,0,0.0,0,0,49.2827851242953,-123.12316775322,0,4.0,67
0.0,0,0,Jackson's Meat & Deli,0,0,0.0,0,0,49.2680597,-123.1557696,0,4.5,64
0.0,0,0,Jam Cafe,0,0,0.0,0,0,49.2682705,-123.1539827,0,4.5,-18
0.0,0,0,Jam Cafe on Beatty,0,0,0.0,0,0,49.2802586,-123.1096376,0,4.5,123
0.0,0,0,Jamjar - Folk Lebanese Food,0,0,0.0,0,0,49.264412,-123.0695951,0,4.0,5
0.0,0,0,Jingle Bao,0,0,0.0,0,0,49.291609,-123.134917,0,4.0,-88
0.0,0,0,Jo's Italian Deli,0,0,0.0,0,0,49.2642192,-123.1860777,0,3.5,34
0.0,0,0,Johnny’s On Oak,0,0,0.0,0,0,49.25143,-123.12723,0,4.5,10
0.0,0,0,Jollibee,0,0,0.0,0,0,49.2628615714721,-123.1151665,0,3.5,37
0.0,0,0,Joon's Kitchen,0,0,0.0,0,0,49.25814006151812,-123.1271603431787,0,4.0,59
0.0,0,0,Jungle Room,0,0,0.0,0,0,49.289897,-123.138111,0,4.0,14
0.0,0,0,Kaide Sushi,0,0,0.0,0,0,49.2742161,-123.1270679,0,4.5,-16
0.0,0,0,Kin Kao Song,0,0,0.0,0,0,49.2629749,-123.0986667,0,4.5,31
0.0,0,0,Kin Kao Thai Kitchen,0,0,0.0,0,0,49.276516,-123.0696335,0,4.0,-89
0.0,0,0,Kingyo,0,0,0.0,0,0,49.29073911099211,-123.13705023185994,0,4.5,80
0.0,0,0,Kishimoto Japanese Kitchen,0,0,0.0,0,0,49.2665099,-123.06935,0,4.5,9
0.0,0,0,Koi Sushi,0,0,0.0,0,0,49.263724,-123.2100351,0,4.0,22
0.0,0,0,Kokoro Tokyo Mazesoba,0,0,0.0,0,0,49.2833927,-123.115078,0,4.0,-53
0.0,0,0,Kosoo Restaurant,0,0,0.0,0,0,49.2890856,-123.1326402,0,3.5,-81
0.0,0,0,Kozak Ukrainian Restaurant,0,0,0.0,0,0,49.28270380943574,-123.1046559827506,0,4.5,47
0.0,0,0,Kozu Sushi Pizza,0,0,0.0,0,0,49.27827,-123.07566,0,4.5,19
0.0,0,0,Kulinarya,0,0,0.0,0,0,49.2744901,-123.0693269,0,4.0,70
0.0,0,0,L'Abattoir,0,0,0.0,0,0,49.2831869855333,-123.104450140894,0,4.0,72
0.0,0,0,L'atelier Patisserie,0,0,0.0,0,0,49.26262317044252,-123.09124371962922,0,4.5,110
0.0,0,0,LIFT Bar Grill View,0,0,0.0,0,0,49.2937850399962,-123.12978089218,0,3.5,50
0.0,0,0,La Cigale French Bistro,0,0,0.0,0,0,49.2683296,-123.1494293,0,4.0,-106
0.0,0,0,La Quercia,0,0,0.0,0,0,49.2687649,-123.1853601,0,4.0,-53
0.0,0,0,Las Margaritas Restaurant,0,0,0.0,0,0,49.2683195,-123.15007987746176,0,3.0,-108
0.0,0,0,Las Tortas,0,0,0.0,0,0,49.2554,-123.11561,0,4.0,102
0.0,0,0,Le Crocodile Restaurant,0,0,0.0,0,0,49.2822815356982,-123.124911131657,0,4.5,-67
0.0,0,0,Legendary Noodle House,0,0,0.0,0,0,49.2883958,-123.13983,0,3.5,-27
0.0,0,0,Lin Chinese Cuisine And Tea House,0,0,0.0,0,0,49.263677,-123.1395952,0,3.5,-23
0.0,0,0,Linh Cafe,0,0,0.0,0,0,49.2746716,-123.12989802,0,4.0,55
0.0,0,0,Little Bird Dim Sum,0,0,0.0,0,0,49.26814,-123.17168,0,4.0,85
0.0,0,0,Local Public Eatery,0,0,0.0,0,0,49.2835742,-123.1039517,0,4.0,-112
0.0,0,0,Locarno Park Extension,0,0,0.0,0,0,49.2655211345353,-123.205994032323,0,4.0,1
0.0,0,0,Los Cuervos Taqueria Y Cantina,0,0,0.0,0,0,49.2574755005862,-123.091043941677,0,4.0,-72
0.0,0,0,Lucy's Eastside Diner,0,0,0.0,0,0,49.2609143,-123.1008146,0,3.0,82
0.0,0,0,Lumiere Cafe,0,0,0.0,0,0,49.263468,-123.115865,0,4.5,19
0.0,0,0,Lunch Lady,0,0,0.0,0,0,49.27497,-123.06915,0,4.0,-38
0.0,0,0,Lupo,0,0,0.0,0,0,49.27823,-123.1174,0,4.5,-66
0.0,0,0,Maenam,0,0,0.0,0,0,49.26787,-123.1488979,0,4.0,-125
0.0,0,0,Maizal RMF,0,0,0.0,0,0,49.2600097,-123.1012988,0,4.5,-110
0.0,0,0,Mandarin Hong Kong Cafe,0,0,0.0,0,0,49.24863584054912,-123.12525091003072,0,3.5,50
0.0,0,0,Marcello,0,0,0.0,0,0,49.27204590144254,-123.06943334795372,0,3.0,84
0.0,0,0,Maruhachi Ra-men,0,0,0.0,0,0,49.2905691,-123.1333951,0,4.5,-5
0.0,0,0,Marulilu Cafe,0,0,0.0,0,0,49.26338,-123.11415,0,4.0,32
0.0,0,0,MeeT in Gastown,0,0,0.0,0,0,49.28343624826065,-123.1048494822089,0,4.0,-5
0.0,0,0,Memphis Blues,0,0,0.0,0,0,49.2723737,-123.0693711,0,3.5,-128
0.0,0,0,Menya Raizo,0,0,0.0,0,0,49.26336,-123.11314,0,4.0,79
0.0,0,0,Miku,0,0,0.0,0,0,49.28691753455261,-123.11276314110472,0,4.5,-37
0.0,0,0,Milano Casa Ristorante,0,0,0.0,0,0,49.26392,-123.20583,0,2.5,7
0.0,0,0,Minami,0,0,0.0,0,0,49.2752733,-123.1207029,0,4.0,3
0.0,0,0,Mix the Bakery,0,0,0.0,0,0,49.263668,-123.2069343,0,3.5,48
0.0,0,0,Mogu Fried Chicken,0,0,0.0,0,0,49.2756074483614,-123.069326430559,0,4.5,28
0.0,0,0,Monsoon Indian Restaurant,0,0,0.0,0,0,49.25426,-123.11477,0,4.0,18
0.0,0,0,Moose's Down Under,0,0,0.0,0,0,49.285638,-123.11634,0,4.0,-108
0.0,0,0,Mount Everest Kitchen & Grill,0,0,0.0,0,0,49.28343057225757,-123.1142148824853,0,4.5,56
0.0,0,0,NUTTEA,0,0,0.0,0,0,49.2679328,-123.14931,0,5.0,33
0.0,0,0,Nam San,0,0,0.0,0,0,49.28946,-123.13294,0,4.5,28
0.0,0,0,Nemesis Coffee,0,0,0.0,0,0,49.26704079691957,-123.09260254912492,0,4.0,78
0.0,0,0,Nero Waffles,0,0,0.0,0,0,49.2907208,-123.1339952,0,4.5,-106
0.0,0,0,Nightingale,0,0,0.0,0,0,49.2874110331456,-123.117770967577,0,4.0,-20
0.0,0,0,Noah's Cafe,0,0,0.0,0,0,49.28827635407216,-123.1400279,0,4.5,36
0.0,0,0,Noodle Arts,0,0,0.0,0,0,49.29111,-123.13431,0,4.0,75
0.0,0,0,Nook,0,0,0.0,0,0,49.2917554,-123.1352974,0,4.5,53
0.0,0,0,Novo Italian,0,0,0.0,0,0,49.2666178,-123.1454221,0,4.0,-96
0.0,0,0,Nuba in Gastown,0,0,0.0,0,0,49.2827625062516,-123.109646101134,0,4.0,-13
0.0,0,0,O5 Tea,0,0,0.0,0,0,49.2681742,-123.1554777,0,4.5,92
0.0,0,0,OEB Breakfast Co. Yaletown,0,0,0.0,0,0,49.2734341,-123.1192724,0,4.5,36
0.0,0,0,Ooh La La Donuts,0,0,0.0,0,0,49.263594,-123.206367,0,4.5,3
0.0,0,0,Osaka Sushi,0,0,0.0,0,0,49.248529409778,-123.125809548424,0,3.5,55
0.0,0,0,Pablo Cheese Tart,0,0,0.0,0,0,49.26338,-123.11592,0,4.0,25
0.0,0,0,Palate Kitchen,0,0,0.0,0,0,49.286331,-123.1157402,0,4.0,109
0.0,0,0,Patisserie Lebeau,0,0,0.0,0,0,49.2696509840324,-123.144082948565,0,4.5,125
0.0,0,0,Paul's Omelettery Restaurant,0,0,0.0,0,0,49.26597,-123.1389,0,4.0,43
0.0,0,0,Peaceful Restaurant,0,0,0.0,0,0,49.263147,-123.116143,0,3.5,109
0.0,0,0,Peaked Pies,0,0,0.0,0,0,49.2896489,-123.1384797,0,4.5,-56
0.0,0,0,Phnom Penh,0,0,0.0,0,0,49.278431,-123.098205,0,4.0,114
0.0,0,0,Pho 37,0,0,0.0,0,0,49.28909,-123.13232,0,4.5,33
0.0,0,0,Pho Xe Lua 24,0,0,0.0,0,0,49.2554137,-123.1149178,0,4.0,114
0.0,0,0,PiDGiN,0,0,0.0,0,0,49.2819071402452,-123.104188653967,0,4.0,68
0.0,0,0,Pizzeria Barbarella,0,0,0.0,0,0,49.262323801504,-123.08982824163,0,4.0,-54
0.0,0,0,Pourhouse Restaurant,0,0,0.0,0,0,49.2841134475502,-123.10842879595,0,4.0,49
0.0,0,0,Published On Main,0,0,0.0,0,0,49.25283186017385,-123.10116032897228,0,4.5,119
0.0,0,0,Queen Elizabeth Park,0,0,0.0,0,0,49.241763552458494,-123.112624900842,0,4.5,-92
0.0,0,0,Quizine Kitchen,0,0,0.0,0,0,49.2625351,-123.0806732,0,5.0,6
0.0,0,0,Rajio Japanese Public House,0,0,0.0,0,0,49.2636549,-123.1870301,0,4.0,-128
0.0,0,0,Ramen Danbo,0,0,0.0,0,0,49.26828,-123.146431,0,4.0,-74
0.0,0,0,RedBeef Noodle Kitchen,0,0,0.0,0,0,49.2681986,-123.1490359,0,4.0,110
0.0,0,0,Rice Burger,0,0,0.0,0,0,49.2635568,-123.2089751,0,4.5,85
0.0,0,0,Riley's Fish & Steak,0,0,0.0,0,0,49.287641996861865,-123.1151089,0,4.0,60
0.0,0,0,Robba da Matti,0,0,0.0,0,0,49.2753397,-123.1208967,0,4.0,-11
0.0,0,0,Robba da Matti West End,0,0,0.0,0,0,49.29172,-123.13857,0,4.0,69
0.0,0,0,Rodney's Oyster House,0,0,0.0,0,0,49.2831349,-123.1030172,0,4.0,-1
0.0,0,0,Rogue Kitchen & Wetbar,0,0,0.0,0,0,49.263047,-123.117827,0,3.5,-108
0.0,0,0,Rooster's Ice Cream Bar,0,0,0.0,0,0,49.2625511,-123.0825231,0,4.0,110
0.0,0,0,Sahel Market & Restaurant,0,0,0.0,0,0,49.2643454,-123.176155,0,4.5,51
0.0,0,0,Sal y Limón,0,0,0.0,0,0,49.2569043786921,-123.08924632997,0,4.0,-117
0.0,0,0,Salade de Fruits Cafe,0,0,0.0,0,0,49.2655161,-123.1401237,0,4.0,-79
0.0,0,0,Salmon n' Bannock,0,0,0.0,0,0,49.2631378,-123.1296705,0,4.5,-49
0.0,0,0,Score on Davie,0,0,0.0,0,0,49.2823221457395,-123.134614739512,0,4.5,95
0.0,0,0,Seaport City Seafood Restaurant,0,0,0.0,0,0,49.263921119674905,-123.115152,0,4.0,37
0.0,0,0,Seasons In the Park,0,0,0.0,0,0,49.2416705486198,-123.112535476685,0,4.0,18
0.0,0,0,Second Cup,0,0,0.0,0,0,49.2450981314324,-123.12436663912466,0,3.5,8
0.0,0,0,Shiro,0,0,0.0,0,0,49.25796735722776,-123.11460624110458,0,4.0,-11
0.0,0,0,Shizen Ya,0,0,0.0,0,0,49.2808844,-123.1246278,0,4.0,78
0.0,0,0,Showcase Restaurant & Bar,0,0,0.0,0,0,49.2879858,-123.1204414,0,4.0,-123
0.0,0,0,Sing Sing,0,0,0.0,0,0,49.2607122038635,-123.100685477257,0,3.5,126
0.0,0,0,Six Acres,0,0,0.0,0,0,49.2833119,-123.1044042,0,4.0,37
0.0,0,0,Sophie's Cosmic Café,0,0,0.0,0,0,49.2682476,-123.1526039,0,3.0,48
0.0,0,0,Sopra Sotto,0,0,0.0,0,0,49.2711051,-123.0694651,0,4.0,-113
0.0,0,0,Stanley's Bar & Grill,0,0,0.0,0,0,49.2997083,-123.1339011,0,3.5,108
0.0,0,0,Starbucks,0,0,0.0,0,0,49.2452587,-123.1275451,0,4.5,9
0.0,0,0,Steamworks,0,0,0.0,0,0,49.28498,-123.11084,0,3.5,36
0.0,0,0,Straight Outta Brooklyn NYC Pizzeria,0,0,0.0,0,0,49.25682,-123.08919,0,4.0,68
0.0,0,0,Subway,0,0,0.0,0,0,49.2639046,-123.204938,0,3.5,3
0.0,0,0,Suika,0,0,0.0,0,0,49.26333,-123.1417,0,4.0,22
0.0,0,0,Sula Indian Restaurant,0,0,0.0,0,0,49.2745279,-123.0693263,0,4.0,15
0.0,0,0,Sun Sushi,0,0,0.0,0,0,49.2637184,-123.2095553,0,3.5,79
0.0,0,0,Sunrise Pizza & Steak House,0,0,0.0,0,0,49.2759073,-123.0695552,0,3.5,80
0.0,0,0,Superbaba,0,0,0.0,0,0,49.2633297,-123.1012681,0,4.5,75
0.0,0,0,Sura Korean Cuisine,0,0,0.0,0,0,49.2888601838143,-123.131742169312,0,4.0,-76
0.0,0,0,Sushi 7,0,0,0.0,0,0,49.2541464081428,-123.115023834667,0,4.0,63
0.0,0,0,Sushi Bar Maumi,0,0,0.0,0,0,49.28996033056277,-123.1336141,0,4.0,-83
0.0,0,0,Sushi California,0,0,0.0,0,0,49.2630454633729,-123.112614326016,0,3.5,64
0.0,0,0,Sushi Jin,0,0,0.0,0,0,49.2795794102629,-123.123817518353,0,4.5,-118
0.0,0,0,Sushi Mugen,0,0,0.0,0,0,49.2786508,-123.1282232,0,4.0,119
0.0,0,0,Sweet Cherubim,0,0,0.0,0,0,49.2746855,-123.0697373,0,3.5,116
0.0,0,0,Tabom,0,0,0.0,0,0,49.28906007486266,-123.13187998252948,0,4.0,108
0.0,0,0,Takenaka,0,0,0.0,0,0,49.2783093,-123.0755801,0,4.0,76
0.0,0,0,Tandoori Palace,0,0,0.0,0,0,49.2717682,-123.0697249,0,3.5,-127
0.0,0,0,Tap & Barrel - Convention Centre,0,0,0.0,0,0,49.289845529586,-123.116857235515,0,4.0,84
0.0,0,0,Taste of Thai,0,0,0.0,0,0,49.2644912,-123.1845067,0,4.0,82
0.0,0,0,Tasty Indian Bistro,0,0,0.0,0,0,49.2744011,-123.1236818,0,4.0,-38
0.0,0,0,Tatta Chulha,0,0,0.0,0,0,49.26307302443682,-123.1018777,0,4.5,25
0.0,0,0,Tetsu Sushi Bar,0,0,0.0,0,0,49.2917758,-123.1352662,0,4.5,102
0.0,0,0,The Charlatan,0,0,0.0,0,0,49.2717298,-123.0697249,0,3.5,-99
0.0,0,0,The Eatery,0,0,0.0,0,0,49.2644193,-123.1803953,0,3.5,10
0.0,0,0,The Farmer's Apprentice,0,0,0.0,0,0,49.2662176,-123.1395648,0,3.5,-72
0.0,0,0,The Firewood Café,0,0,0.0,0,0,49.2584924,-123.1148336,0,4.0,122
0.0,0,0,The Fish Counter,0,0,0.0,0,0,49.25076,-123.10136,0,4.5,101
0.0,0,0,The Flying Pig,0,0,0.0,0,0,49.27501,-123.122,0,4.0,32
0.0,0,0,The Kitchen,0,0,0.0,0,0,49.26351040917396,-123.2089765,0,3.5,37
0.0,0,0,The Kitchen Dada,0,0,0.0,0,0,49.264037087133,-123.186078295112,0,4.0,41
0.0,0,0,The Lobby Lounge and RawBar,0,0,0.0,0,0,49.28816,-123.11659,0,4.0,117
0.0,0,0,The Mexican Antojitos Y Cantina,0,0,0.0,0,0,49.2787726,-123.1240268,0,4.5,-105
0.0,0,0,The Park Pub,0,0,0.0,0,0,49.28694973954,-123.141087285986,0,3.5,69
0.0,0,0,The Pawn Shop YVR,0,0,0.0,0,0,49.2781054,-123.1252051,0,4.0,-94
0.0,0,0,The Poke Guy,0,0,0.0,0,0,49.2837389,-123.1120629,0,4.5,-50
0.0,0,0,The PokéMan,0,0,0.0,0,0,49.263233674428754,-123.18671230226757,0,4.5,86
0.0,0,0,The Red Accordion,0,0,0.0,0,0,49.29025,-123.131768,0,4.5,82
0.0,0,0,The Red Wagon,0,0,0.0,0,0,49.28122323218941,-123.06112288953248,0,4.0,111
0.0,0,0,The Templeton,0,0,0.0,0,0,49.2785261,-123.1243982,0,4.0,21
0.0,0,0,The Tiki Bar,0,0,0.0,0,0,49.28156,-123.07485,0,4.0,33
0.0,0,0,The Wolf & Hound,0,0,0.0,0,0,49.2644878,-123.1842188,0,3.5,94
0.0,0,0,Their There,0,0,0.0,0,0,49.2679649501648,-123.151158941154,0,4.0,118
0.0,0,0,Thierry,0,0,0.0,0,0,49.2848818,-123.1228949,0,4.0,-67
0.0,0,0,Tocador,0,0,0.0,0,0,49.261764,-123.1008072,0,3.5,49
0.0,0,0,Tokyo In April,0,0,0.0,0,0,49.2806813,-123.1073936,0,4.5,61
0.0,0,0,Tom Sushi,0,0,0.0,0,0,49.2815608,-123.1327476,0,4.5,-28
0.0,0,0,Tonton Sushi,0,0,0.0,0,0,49.2497178,-123.115173,0,4.0,74
0.0,0,0,Top of Vancouver Revolving Restaurant,0,0,0.0,0,0,49.28468,-123.11189,0,3.0,125
0.0,0,0,Trimble Park,0,0,0.0,0,0,49.2662076800639,-123.205293305218,0,5.0,1
0.0,0,0,True Confections,0,0,0.0,0,0,49.2641648618041,-123.181726746261,0,3.0,124
0.0,0,0,Twisted Fork,0,0,0.0,0,0,49.283194,-123.104445,0,4.0,86
0.0,0,0,Ukrainian Village,0,0,0.0,0,0,49.2914123,-123.1358196,0,4.0,-85
0.0,0,0,Uma Sushi,0,0,0.0,0,0,49.2638048,-123.1137294,0,4.5,118
0.0,0,0,Unchai Thai Restaurant,0,0,0.0,0,0,49.265112,-123.145913,0,4.5,85
0.0,0,0,Urban Tadka,0,0,0.0,0,0,49.27827,-123.07566,0,5.0,9
0.0,0,0,Viet Family- The Vegan House,0,0,0.0,0,0,49.27182591723078,-123.06974969875908,0,5.0,22
0.0,0,0,Viet House,0,0,0.0,0,0,49.2546156379752,-123.114992380142,0,3.5,73
0.0,0,0,Vij's Restaurant,0,0,0.0,0,0,49.25754,-123.11479,0,4.0,-110
0.0,0,0,Vonns,0,0,0.0,0,0,49.28724,-123.14124,0,4.5,40
0.0,0,0,Water Street Cafe,0,0,0.0,0,0,49.2842264,-123.1090181,0,3.5,64
0.0,0,0,Westcoast Poke,0,0,0.0,0,0,49.26409,-123.1140415,0,4.0,-83
0.0,0,0,Won More Szechuan Cuisine,0,0,0.0,0,0,49.28723,-123.14144,0,4.0,79
0.0,0,0,Xing Fu Tang Canada,0,0,0.0,0,0,49.254554,-123.1149538,0,3.5,-105
0.0,0,0,Yasma,0,0,0.0,0,0,49.29337295420655,-123.1321844713631,0,4.5,28
0.0,0,0,Yolks,0,0,0.0,0,0,49.2631139,-123.1163529,0,3.5,99
0.0,0,0,Yu Shang Hot Pot,0,0,0.0,0,0,49.263149,-123.125629,0,4.5,80
0.0,0,0,Yuji's From Japan,0,0,0.0,0,0,49.26829655056762,-123.18604454110448,0,4.0,53
0.0,0,0,Zakkushi Dining On Main,0,0,0.0,0,0,49.24910063019759,-123.1015460312003,0,4.0,-34
0.0,0,0,Zakkushi on Denman,0,0,0.0,0,0,49.29108,-123.13643,0,4.0,2
0.0,0,0,Zarak By Afghan Kitchen,0,0,0.0,0,0,49.266224,-123.1006089,0,4.5,86
0.0,0,0,iDen & Quan Ju De Beijing Duck House,0,0,0.0,0,0,49.26021,-123.1148451,0,3.5,112
