Name,Distance,Rating,Review Count,Latitude,Longitude
33 Acres Brewing Co,674.0,0.0,0.0,49.263877,-123.105307
49th Parallel Coffee Roast,877.0,0.0,0.0,49.259164,-123.100851
A Bread Affair,735.0,0.0,0.0,49.27248,-123.135889
Angus T,716.0,0.0,0.0,49.275871,-123.119875
Anh and Chi,750.0,4.0,653.0,49.255019,-123.100904
AnnaLena,602.0,4.5,353.0,49.270791,-123.146937
Aphrodite's Organic Cafe & Pie Shop,442.0,0.0,0.0,49.268461,-123.183309
Au Comptoir,301.0,4.0,212.0,49.268082,-123.157004
Banyen Books & Sound,439.0,0.0,0.0,49.268435,-123.183874
Beaucoup Bakery & Cafe,49.0,4.0,330.0,49.266477,-123.140728
Beyond Bread Ltd,460.0,0.0,0.0,49.268507,-123.185502
Biercraft,109.0,0.0,0.0,49.274082,-123.069911
Bloedel Floral Conservatory,904.0,0.0,0.0,49.242137,-123.113756
Blue Water Cafe + Raw Bar,684.0,0.0,0.0,49.276123,-123.121114
Breka Downtown Bakery Cafe Inc,489.0,0.0,0.0,49.268532,-123.18672
Burgoo Bistro,243.0,4.0,174.0,49.263678,-123.207137
Cactus Club Cafe,180.0,4.0,485.0,49.28666,-123.14278
Callister Brewing Co,246.0,0.0,0.0,49.282096,-123.07627
Charleson Park,891.0,0.0,0.0,49.266831,-123.124538
Coal Harbour Gifts,1176.0,0.0,0.0,49.28443,-123.112168
Coal Harbour Seawall,943.0,0.0,0.0,49.291405,-123.123067
Commodore Ballroom,511.0,0.0,0.0,49.280556,-123.12045
Corduroy Pie Co,236.0,0.0,0.0,49.256904,-123.121177
David Lam Park,870.0,0.0,0.0,49.27233,-123.124359
Dragon Ball Tea House,401.0,0.0,0.0,49.24949,-123.127924
Dude Chilling Park,831.0,0.0,0.0,49.263472,-123.096107
Earnest Ice Cream,951.0,4.5,389.0,49.249334,-123.089877
East Is East,512.0,4.0,299.0,49.264423,-123.176637
Elysian Coffee,718.0,0.0,0.0,49.264531,-123.105038
Elysian Coffee Broadway,927.0,0.0,0.0,49.263077,-123.117243
English Bay Beach,167.0,0.0,0.0,49.286311,-123.143487
Eye Kandee Lingerie,357.0,0.0,0.0,49.286089,-123.139811
Fable,585.0,0.0,0.0,49.267954,-123.149127
Fable Diner,903.0,4.0,332.0,49.263042,-123.101505
False Creek Seawall,922.0,0.0,0.0,49.272732,-123.133558
FlyOver Canada,632.0,0.0,0.0,49.289031,-123.110613
Fujiya Japanese Foods,656.0,0.0,0.0,49.276572,-123.077019
George Wainborn Park,297.0,0.0,0.0,49.272361,-123.12939
Gotham Steakhouse & Cocktail Bar,399.0,0.0,0.0,49.282814,-123.115925
Granville Island Public Market,763.0,0.0,0.0,49.27209,-123.135
Granville Island Publishing,660.0,0.0,0.0,49.271996,-123.136172
Green Leaf Sushi,266.0,4.0,396.0,49.264138,-123.18018
Guu with Garlic,874.0,4.5,1059.0,49.290278,-123.133923
Gyu-Kaku BBQ,1002.0,0.0,0.0,49.263202,-123.125769
HI-Vancouver Jericho Beach,871.0,0.0,0.0,49.273017,-123.203242
Harbour Green Park,799.0,0.0,0.0,49.289362,-123.121757
Hawksworth Restaurant,420.0,4.0,655.0,49.283302,-123.11938
Hokkaido Ramen Santouka,869.0,4.0,991.0,49.290258,-123.13384
Indian Oven Restaurant Ltd,208.0,0.0,0.0,49.267949,-123.150667
Indian Roti Kitchen,572.0,4.5,162.0,49.258983,-123.115272
Indigo - Robson,879.0,0.0,0.0,49.28403,-123.123492
Jack Poole Plaza,292.0,0.0,0.0,49.289763,-123.117572
Jericho Beach,1018.0,4.5,26.0,49.271705,-123.191696
Joe Fortes Seafood & Chop House,762.0,4.0,1264.0,49.284956,-123.124545
Keefer Bar,278.0,0.0,0.0,49.279619,-123.101293
Kingyo Izakaya 金魚居酒屋,680.0,0.0,0.0,49.290643,-123.136956
Kishimoto Japanese Kitchen + Sushi Bar,706.0,0.0,0.0,49.26661,-123.069522
Kitsilano Beach,920.0,0.0,0.0,49.273971,-123.155725
Konbiniya,839.0,0.0,0.0,49.286326,-123.127825
La Grotta Del Formaggio,675.0,4.5,190.0,49.268804,-123.06987
La Mezcaleria,334.0,4.0,296.0,49.270076,-123.06941
La Petite Cuillere,793.0,0.0,0.0,49.263551,-123.099764
La Taqueria Pinche Taco Shop,564.0,4.0,685.0,49.263601,-123.112665
Landmark Hotpot House,752.0,4.0,121.0,49.249755,-123.115621
Lemonade Gluten Free Bakery,359.0,4.5,134.0,49.255142,-123.115431
Les Faux Bourgeois,89.0,4.0,455.0,49.257306,-123.089824
Los Cuervos Taqueria & Cantina,895.0,0.0,0.0,49.257466,-123.091136
Matchstick Coffee,866.0,4.0,210.0,49.257296,-123.090229
Meat & Bread,239.0,4.0,787.0,49.282674,-123.109342
Milano Coffee,430.0,0.0,0.0,49.263724,-123.108701
Muji 無印良品,995.0,0.0,0.0,49.285368,-123.12531
Nero Belgian Waffle Bar,428.0,0.0,0.0,49.278311,-123.122111
Neverland Tea Salon,747.0,0.0,0.0,49.264037,-123.173523
Nuba,669.0,0.0,0.0,49.264022,-123.174575
Osteria Savio Volpe,469.0,4.0,434.0,49.257425,-123.09097
Pallet Coffee Roasters,754.0,0.0,0.0,49.28179,-123.063911
Parallel 49 Brewing Co,804.0,0.0,0.0,49.283798,-123.064405
Parthenon Supermarket,724.0,0.0,0.0,49.264037,-123.173523
Passion8 Dessert Cafe,535.0,4.0,212.0,49.25837,-123.114814
Pepino's,671.0,4.0,151.0,49.278808,-123.070636
Potluck Hawker Eatery,383.0,3.5,91.0,49.254508,-123.114891
Pulpfiction Books,824.0,0.0,0.0,49.263494,-123.100651
Pure Bread,527.0,0.0,0.0,49.266631,-123.104568
Queen Elizabeth Botanical Gardens,909.0,0.0,0.0,49.242081,-123.113751
Queen Elizabeth Park Fountains,940.0,0.0,0.0,49.241478,-123.113781
Queen Elizabeth Pitch & Putt,1240.0,0.0,0.0,49.241058,-123.123231
R & B Brewing Inc,962.0,0.0,0.0,49.26727,-123.103568
Rackets & Runners,667.0,0.0,0.0,49.251133,-123.127172
Rain or Shine,373.0,0.0,0.0,49.255054,-123.114856
Rain or Shine Ice Cream,569.0,4.5,241.0,49.267929,-123.1488
Raisu,398.0,4.0,456.0,49.268036,-123.158378
Ramen Danbo - Robson,704.0,0.0,0.0,49.287499,-123.12898
Revolver,418.0,0.0,0.0,49.283261,-123.109473
Rio Theatre,799.0,0.0,0.0,49.262048,-123.070353
Saku,818.0,4.5,384.0,49.29141,-123.134912
Sal y Limon,822.0,0.0,0.0,49.256878,-123.08922
Seaside Seawall,959.0,0.0,0.0,49.272387,-123.104085
Sephora,347.0,0.0,0.0,49.283972,-123.11724
Shaughnessy Restaurant,928.0,3.0,112.0,49.238654,-123.129837
Siegel's Bagels,743.0,0.0,0.0,49.272737,-123.147184
Small Victory,962.0,0.0,0.0,49.258291,-123.138568
Small Victory Bakery,709.0,0.0,0.0,49.276391,-123.121299
St. Augustine's,877.0,0.0,0.0,49.263783,-123.069526
Stanley Park,1000.0,5.0,1094.0,49.301704,-123.1417
Stanley Park English Bay Seawall,626.0,0.0,0.0,49.290133,-123.146728
Stanley Park Harbourfront Seawall,894.0,0.0,0.0,49.29722,-123.130866
Strange Fellows Brewing,917.0,0.0,0.0,49.272444,-123.077805
Tacofino,703.0,3.5,453.0,49.276488,-123.119685
Takumi Japanese Restaurant,233.0,3.5,31.0,49.263617,-123.206889
Tavola,129.0,4.5,369.0,49.291843,-123.135761
The Burrow,872.0,4.0,508.0,49.259684,-123.06999
The Cascade Room,926.0,4.0,233.0,49.261744,-123.100746
The Downlow Chicken Shack,558.0,0.0,0.0,49.276378,-123.069781
The Gluten Free Epicurean,1007.0,4.0,132.0,49.257337,-123.090395
The Gourmet Warehouse,871.0,0.0,0.0,49.28102,-123.076179
The Inukshuk,877.0,0.0,0.0,49.284303,-123.143552
The Juice Truck,544.0,0.0,0.0,49.266384,-123.105358
The Mackenzie Room,724.0,0.0,0.0,49.283272,-123.095032
Thomas Haas Patisserie,816.0,0.0,0.0,49.264143,-123.163234
Toshi Sushi,605.0,0.0,0.0,49.256698,-123.101858
Totem Poles in Stanley Park,708.0,0.0,0.0,49.29916,-123.121052
Truffles Fine Foods,830.0,0.0,0.0,49.239427,-123.12893
VanDusen Botanical Garden,837.0,4.5,196.0,49.238594,-123.128586
Vancouver Aquarium,305.0,4.5,573.0,49.30068270565011,-123.13085496425629
Vancouver Public Library,878.0,0.0,0.0,49.279513,-123.115381
Via Tevere Pizzeria,322.0,4.0,337.0,49.273873,-123.065512
Vij's,553.0,0.0,0.0,49.257598,-123.114829
Welk's Mart,972.0,0.0,0.0,49.253536,-123.101183
West Point Grey Academy,116.0,0.0,0.0,49.266549,-123.20017
49th Parallel Coffee,0.0,4.0,212.0,49.2680088064106,-123.154781059525
AJ's Brooklyn Pizza Joint,0.0,4.5,139.0,49.2629437687572,-123.098307028413
Absinthe Bistro,0.0,4.5,141.0,49.27607,-123.0692457
Afghan Horsemen Restaurant,0.0,4.0,249.0,49.2694847203493,-123.138735294342
Afuri Ramen + Dumpling,0.0,4.0,23.0,49.25994,-123.10151
Aleph Eatery,0.0,4.5,69.0,49.2849288,-123.065795
Alouette Bistro,0.0,4.5,57.0,49.2853,-123.11829
Ancora Waterfront Dining and Patio,0.0,4.0,223.0,49.27385345615888,-123.13257765112428
Anna's Cake House,0.0,4.0,48.0,49.26217,-123.09073
Arike Restaurant,0.0,5.0,26.0,49.2868046,-123.1408561
Axum Restaurant,0.0,4.5,70.0,49.2814936637038,-123.07779582314
B House,0.0,4.5,25.0,49.264473795087,-123.069533295929
Ba Le Banh Mi,0.0,3.5,31.0,49.2626049,-123.0893899
Banana Leaf,0.0,3.5,241.0,49.28001,-123.13009
Bao Bei Chinese Brasserie,0.0,4.0,424.0,49.2796095312486,-123.100574596039
Bean Around the World Coffees,0.0,4.0,29.0,49.2636865,-123.2079184
Beeryani Indian Bistro & Bar,0.0,4.5,36.0,49.28724,-123.14124
Bella Gelateria,0.0,4.0,890.0,49.2865973,-123.14110231288184
Bella Roma Pizzeria & Ristorante,0.0,3.5,56.0,49.2636894,-123.208103
Bells and Whistles,0.0,3.0,124.0,49.2556805042778,-123.089684071771
Beta5 Chocolates,0.0,4.5,307.0,49.2696646,-123.0958401
Black Frog Eatery,0.0,4.0,215.0,49.284598,-123.108687
Black Rice Izakaya,0.0,4.0,301.0,49.278444,-123.114329
Bloedel Conservatory,0.0,4.5,133.0,49.2414242,-123.1147553
Blue Water Cafe,0.0,4.5,1080.0,49.2761945,-123.1209935
Bombay Kitchen and Bar,0.0,4.0,54.0,49.2753791,-123.06925001456972
Bombay Masala Indian Restaurant,0.0,4.5,24.0,49.26407,-123.20835
Botanist,0.0,4.5,388.0,49.2883099,-123.1167271
Browns Crafthouse Seymour,0.0,4.0,48.0,49.2841724124811,-123.113347974687
Browns Socialhouse Point Grey,0.0,3.5,49.0,49.2636639748682,-123.185155477975
Budgies Burritos,0.0,4.0,283.0,49.2634464768729,-123.100247082572
Burdock,0.0,3.5,184.0,49.26092,-123.10066
Burgoo Bistros,0.0,4.0,504.0,49.25765498958033,-123.100815
CRAFT Beer Market,0.0,4.0,37.0,49.2864807,-123.142214
Caffe La Tana,0.0,4.5,40.0,49.2788597356837,-123.070581380828
Caffe W,0.0,4.5,42.0,49.2642329148272,-123.18472912500756
Café Gloucester,0.0,3.5,149.0,49.25552,-123.11472
Café Portrait,0.0,4.5,53.0,49.2881056129168,-123.140413686633
Calabash Bistro,0.0,4.0,285.0,49.281004479966,-123.104228199529
Cardero's Restaurant & Marine Pub,0.0,4.0,661.0,49.2914561357511,-123.127575841549
Catoro Cafe,0.0,4.0,34.0,49.26216,-123.08963
Caveman Cafe,0.0,4.5,273.0,49.280802324947445,-123.10703500282293
Chambar,0.0,4.0,1548.0,49.2801460007961,-123.109925328073
Chewies Steam & Oyster Bar - Kits,0.0,3.5,293.0,49.2709727,-123.1552829
Chi Vegan,0.0,4.0,207.0,49.2681947,-123.1487738
Chinatown BBQ,0.0,4.5,286.0,49.280294,-123.1015
Chung Chun,0.0,4.5,79.0,49.29147304039323,-123.13512302935123
Cioppino's Mediterranean Grill,0.0,4.5,199.0,49.275522,-123.121794
Circus Play Cafe,0.0,4.0,53.0,49.28109509999999,-123.0739001
City 1 Cafe,0.0,3.5,97.0,49.248391,-123.125497
Congee Noodle House,0.0,3.5,351.0,49.26316,-123.10213
Damso Modern Korean Cuisine,0.0,4.0,205.0,49.29063165285682,-123.13696164681824
Delara,0.0,4.0,46.0,49.2680486,-123.1569183
Delhi 6 Indian Bistro,0.0,4.5,135.0,49.2653386,-123.1449329
Di Beppe,0.0,4.0,141.0,49.28237705581659,-123.10450043738042
Dinesty Dumpling House,0.0,4.0,958.0,49.2908176,-123.1343912
Do Chay,0.0,4.5,165.0,49.25006,-123.0765
Dockside Restaurant,0.0,3.0,279.0,49.2693844631928,-123.13101576314
Dolce Amore,0.0,4.5,149.0,49.27069306211316,-123.06932196564716
Downlow Chicken Shack,0.0,4.0,275.0,49.2765067,-123.0696349
Dundas Eat + Drink,0.0,4.5,73.0,49.285084,-123.062273
Earls Kitchen + Bar,0.0,3.0,191.0,49.26392,-123.14126
Elephant Garden Creamery,0.0,4.5,140.0,49.2661487,-123.0694056
Elisa,0.0,4.0,205.0,49.2759562,-123.1213608
España Restaurant,0.0,4.0,251.0,49.2880552,-123.1404114
Eternal Abundance,0.0,4.0,119.0,49.2755401,-123.0696449
Everyday Sushi,0.0,3.0,29.0,49.2637446,-123.2111529
Fable Kitchen,0.0,4.5,774.0,49.2679331,-123.149019
Famoso Neapolitan Pizzeria,0.0,3.5,249.0,49.272346,-123.0693715
Fanny Bay Oyster Bar & Shellfish Market,0.0,4.5,801.0,49.2787525,-123.1138689
Fassil Ethiopian Restaurant,0.0,4.5,149.0,49.262316686122,-123.08833077466
Fat Mao Noodles,0.0,4.5,50.0,49.2799016,-123.1272458
Finch's Tea & Coffee House,0.0,4.5,416.0,49.2825732,-123.1113434
Five Sails Restaurant,0.0,4.5,186.0,49.2880313351364,-123.113292160758
Forage,0.0,4.0,713.0,49.28707,-123.12925
Four Olives,0.0,4.0,28.0,49.2637239358184,-123.209597314524
Fritz European Fry House,0.0,4.0,825.0,49.2772045,-123.1265253
Ginger & Chili Restaurant,0.0,3.0,46.0,49.2639293,-123.2064836
Gojo Café,0.0,4.0,61.0,49.2589549,-123.069605
Gold Train Express,0.0,3.5,41.0,49.26355,-123.21015
Grapes & Soda,0.0,4.5,44.0,49.2663232,-123.1396602
Gringo,0.0,4.5,286.0,49.2831553214634,-123.105335897068
Grounds For Coffee,0.0,4.5,139.0,49.2637235,-123.1861003
Guu Original Thurlow,0.0,4.0,798.0,49.2839786648396,-123.125567978574
Guu with Otokomae,0.0,3.5,379.0,49.2847191,-123.11038556296398
Gyu-Kaku Japanese BBQ,0.0,4.0,398.0,49.28031,-123.12467
Hachibei Japanese Restaurant,0.0,4.0,74.0,49.256899,-123.1215336
Haidilao - Vancouver,0.0,4.5,50.0,49.26395,-123.17622
Hail Mary's,0.0,4.5,16.0,49.2623351,-123.0894392
Handi Grill,0.0,3.5,80.0,49.264072,-123.184133
Haraheri,0.0,3.5,267.0,49.280074,-123.125225
Harbour Oyster + Bar,0.0,4.0,76.0,49.2718946138822,-123.069181591272
Havana,0.0,3.5,381.0,49.273708,-123.069271
Hook Restaurant,0.0,3.5,120.0,49.2870144,-123.1419204
Hy's Steakhouse & Cocktail Bar,0.0,4.0,352.0,49.28468,-123.11927
Hydra Estiatorio,0.0,3.5,138.0,49.2856276,-123.1160679
Ignite Pizzeria Mount Pleasant,0.0,4.0,78.0,49.26215691,-123.10085376
Indochine Kitchen,0.0,3.0,115.0,49.2631601,-123.1047
Itosugi Kappo Cuisine,0.0,4.5,16.0,49.264094,-123.184705
JOEY Bentall One,0.0,3.5,236.0,49.2864205554373,-123.118409514427
JOEY Burrard,0.0,4.0,579.0,49.2827851242953,-123.12316775322
Jackson's Meat & Deli,0.0,4.5,64.0,49.2680597,-123.1557696
Jam Cafe,0.0,4.5,238.0,49.2682705,-123.1539827
Jam Cafe on Beatty,0.0,4.5,1403.0,49.2802586,-123.1096376
Jamjar - Folk Lebanese Food,0.0,4.0,261.0,49.264412,-123.0695951
Jingle Bao,0.0,4.0,168.0,49.291609,-123.134917
Jo's Italian Deli,0.0,3.5,34.0,49.2642192,-123.1860777
Johnny’s On Oak,0.0,4.5,10.0,49.25143,-123.12723
Jollibee,0.0,3.5,37.0,49.2628615714721,-123.1151665
Joon's Kitchen,0.0,4.0,59.0,49.25814006151812,-123.1271603431787
Jungle Room,0.0,4.0,14.0,49.289897,-123.138111
Kaide Sushi,0.0,4.5,240.0,49.2742161,-123.1270679
Kin Kao Song,0.0,4.5,31.0,49.2629749,-123.0986667
Kin Kao Thai Kitchen,0.0,4.0,167.0,49.276516,-123.0696335
Kingyo,0.0,4.5,1104.0,49.29073911099211,-123.13705023185994
Kishimoto Japanese Kitchen,0.0,4.5,521.0,49.2665099,-123.06935
Koi Sushi,0.0,4.0,22.0,49.263724,-123.2100351
Kokoro Tokyo Mazesoba,0.0,4.0,459.0,49.2833927,-123.115078
Kosoo Restaurant,0.0,3.5,175.0,49.2890856,-123.1326402
Kozak Ukrainian Restaurant,0.0,4.5,47.0,49.28270380943574,-123.1046559827506
Kozu Sushi Pizza,0.0,4.5,19.0,49.27827,-123.07566
Kulinarya,0.0,4.0,70.0,49.2744901,-123.0693269
L'Abattoir,0.0,4.0,584.0,49.2831869855333,-123.104450140894
L'atelier Patisserie,0.0,4.5,110.0,49.26262317044252,-123.09124371962922
LIFT Bar Grill View,0.0,3.5,306.0,49.2937850399962,-123.12978089218
La Cigale French Bistro,0.0,4.0,150.0,49.2683296,-123.1494293
La Quercia,0.0,4.0,203.0,49.2687649,-123.1853601
Las Margaritas Restaurant,0.0,3.0,404.0,49.2683195,-123.15007987746176
Las Tortas,0.0,4.0,102.0,49.2554,-123.11561
Le Crocodile Restaurant,0.0,4.5,445.0,49.2822815356982,-123.124911131657
Legendary Noodle House,0.0,3.5,229.0,49.2883958,-123.13983
Lin Chinese Cuisine And Tea House,0.0,3.5,233.0,49.263677,-123.1395952
Linh Cafe,0.0,4.0,311.0,49.2746716,-123.12989802
Little Bird Dim Sum,0.0,4.0,85.0,49.26814,-123.17168
Local Public Eatery,0.0,4.0,144.0,49.2835742,-123.1039517
Locarno Park Extension,0.0,4.0,1.0,49.2655211345353,-123.205994032323
Los Cuervos Taqueria Y Cantina,0.0,4.0,184.0,49.2574755005862,-123.091043941677
Lucy's Eastside Diner,0.0,3.0,338.0,49.2609143,-123.1008146
Lumiere Cafe,0.0,4.5,19.0,49.263468,-123.115865
Lunch Lady,0.0,4.0,218.0,49.27497,-123.06915
Lupo,0.0,4.5,446.0,49.27823,-123.1174
Maenam,0.0,4.0,387.0,49.26787,-123.1488979
Maizal RMF,0.0,4.5,146.0,49.2600097,-123.1012988
Mandarin Hong Kong Cafe,0.0,3.5,50.0,49.24863584054912,-123.12525091003072
Marcello,0.0,3.0,340.0,49.27204590144254,-123.06943334795372
Maruhachi Ra-men,0.0,4.5,763.0,49.2905691,-123.1333951
Marulilu Cafe,0.0,4.0,288.0,49.26338,-123.11415
MeeT in Gastown,0.0,4.0,507.0,49.28343624826065,-123.1048494822089
Memphis Blues,0.0,3.5,128.0,49.2723737,-123.0693711
Menya Raizo,0.0,4.0,79.0,49.26336,-123.11314
Miku,0.0,4.5,2267.0,49.28691753455261,-123.11276314110472
Milano Casa Ristorante,0.0,2.5,7.0,49.26392,-123.20583
Minami,0.0,4.0,771.0,49.2752733,-123.1207029
Mix the Bakery,0.0,3.5,48.0,49.263668,-123.2069343
Mogu Fried Chicken,0.0,4.5,28.0,49.2756074483614,-123.069326430559
Monsoon Indian Restaurant,0.0,4.0,18.0,49.25426,-123.11477
Moose's Down Under,0.0,4.0,148.0,49.285638,-123.11634
Mount Everest Kitchen & Grill,0.0,4.5,56.0,49.28343057225757,-123.1142148824853
NUTTEA,0.0,5.0,33.0,49.2679328,-123.14931
Nam San,0.0,4.5,28.0,49.28946,-123.13294
Nemesis Coffee,0.0,4.0,78.0,49.26704079691957,-123.09260254912492
Nero Waffles,0.0,4.5,662.0,49.2907208,-123.1339952
Nightingale,0.0,4.0,492.0,49.2874110331456,-123.117770967577
Noah's Cafe,0.0,4.5,36.0,49.28827635407216,-123.1400279
Noodle Arts,0.0,4.0,75.0,49.29111,-123.13431
Nook,0.0,4.5,309.0,49.2917554,-123.1352974
Novo Italian,0.0,4.0,160.0,49.2666178,-123.1454221
Nuba in Gastown,0.0,4.0,755.0,49.2827625062516,-123.109646101134
O5 Tea,0.0,4.5,92.0,49.2681742,-123.1554777
OEB Breakfast Co. Yaletown,0.0,4.5,804.0,49.2734341,-123.1192724
Ooh La La Donuts,0.0,4.5,3.0,49.263594,-123.206367
Osaka Sushi,0.0,3.5,55.0,49.248529409778,-123.125809548424
Pablo Cheese Tart,0.0,4.0,25.0,49.26338,-123.11592
Palate Kitchen,0.0,4.0,109.0,49.286331,-123.1157402
Patisserie Lebeau,0.0,4.5,125.0,49.2696509840324,-123.144082948565
Paul's Omelettery Restaurant,0.0,4.0,299.0,49.26597,-123.1389
Peaceful Restaurant,0.0,3.5,621.0,49.263147,-123.116143
Peaked Pies,0.0,4.5,200.0,49.2896489,-123.1384797
Phnom Penh,0.0,4.0,1650.0,49.278431,-123.098205
Pho 37,0.0,4.5,33.0,49.28909,-123.13232
Pho Xe Lua 24,0.0,4.0,114.0,49.2554137,-123.1149178
PiDGiN,0.0,4.0,324.0,49.2819071402452,-123.104188653967
Pizzeria Barbarella,0.0,4.0,202.0,49.262323801504,-123.08982824163
Pourhouse Restaurant,0.0,4.0,561.0,49.2841134475502,-123.10842879595
Published On Main,0.0,4.5,119.0,49.25283186017385,-123.10116032897228
Queen Elizabeth Park,0.0,4.5,164.0,49.241763552458494,-123.112624900842
Quizine Kitchen,0.0,5.0,6.0,49.2625351,-123.0806732
Rajio Japanese Public House,0.0,4.0,128.0,49.2636549,-123.1870301
Ramen Danbo,0.0,4.0,438.0,49.26828,-123.146431
RedBeef Noodle Kitchen,0.0,4.0,110.0,49.2681986,-123.1490359
Rice Burger,0.0,4.5,85.0,49.2635568,-123.2089751
Riley's Fish & Steak,0.0,4.0,60.0,49.287641996861865,-123.1151089
Robba da Matti,0.0,4.0,501.0,49.2753397,-123.1208967
Robba da Matti West End,0.0,4.0,69.0,49.29172,-123.13857
Rodney's Oyster House,0.0,4.0,255.0,49.2831349,-123.1030172
Rogue Kitchen & Wetbar,0.0,3.5,148.0,49.263047,-123.117827
Rooster's Ice Cream Bar,0.0,4.0,110.0,49.2625511,-123.0825231
Sahel Market & Restaurant,0.0,4.5,51.0,49.2643454,-123.176155
Sal y Limón,0.0,4.0,651.0,49.2569043786921,-123.08924632997
Salade de Fruits Cafe,0.0,4.0,177.0,49.2655161,-123.1401237
Salmon n' Bannock,0.0,4.5,207.0,49.2631378,-123.1296705
Score on Davie,0.0,4.5,351.0,49.2823221457395,-123.134614739512
Seaport City Seafood Restaurant,0.0,4.0,37.0,49.263921119674905,-123.115152
Seasons In the Park,0.0,4.0,530.0,49.2416705486198,-123.112535476685
Second Cup,0.0,3.5,8.0,49.2450981314324,-123.12436663912466
Shiro,0.0,4.0,245.0,49.25796735722776,-123.11460624110458
Shizen Ya,0.0,4.0,590.0,49.2808844,-123.1246278
Showcase Restaurant & Bar,0.0,4.0,133.0,49.2879858,-123.1204414
Sing Sing,0.0,3.5,126.0,49.2607122038635,-123.100685477257
Six Acres,0.0,4.0,293.0,49.2833119,-123.1044042
Sophie's Cosmic Café,0.0,3.0,304.0,49.2682476,-123.1526039
Sopra Sotto,0.0,4.0,143.0,49.2711051,-123.0694651
Stanley's Bar & Grill,0.0,3.5,108.0,49.2997083,-123.1339011
Starbucks,0.0,4.5,9.0,49.2452587,-123.1275451
Steamworks,0.0,3.5,804.0,49.28498,-123.11084
Straight Outta Brooklyn NYC Pizzeria,0.0,4.0,68.0,49.25682,-123.08919
Subway,0.0,3.5,3.0,49.2639046,-123.204938
Suika,0.0,4.0,534.0,49.26333,-123.1417
Sula Indian Restaurant,0.0,4.0,271.0,49.2745279,-123.0693263
Sun Sushi,0.0,3.5,79.0,49.2637184,-123.2095553
Sunrise Pizza & Steak House,0.0,3.5,80.0,49.2759073,-123.0695552
Superbaba,0.0,4.5,75.0,49.2633297,-123.1012681
Sura Korean Cuisine,0.0,4.0,436.0,49.2888601838143,-123.131742169312
Sushi 7,0.0,4.0,63.0,49.2541464081428,-123.115023834667
Sushi Bar Maumi,0.0,4.0,173.0,49.28996033056277,-123.1336141
Sushi California,0.0,3.5,320.0,49.2630454633729,-123.112614326016
Sushi Jin,0.0,4.5,138.0,49.2795794102629,-123.123817518353
Sushi Mugen,0.0,4.0,119.0,49.2786508,-123.1282232
Sweet Cherubim,0.0,3.5,116.0,49.2746855,-123.0697373
Tabom,0.0,4.0,108.0,49.28906007486266,-123.13187998252948
Takenaka,0.0,4.0,76.0,49.2783093,-123.0755801
Tandoori Palace,0.0,3.5,129.0,49.2717682,-123.0697249
Tap & Barrel - Convention Centre,0.0,4.0,340.0,49.289845529586,-123.116857235515
Taste of Thai,0.0,4.0,82.0,49.2644912,-123.1845067
Tasty Indian Bistro,0.0,4.0,218.0,49.2744011,-123.1236818
Tatta Chulha,0.0,4.5,25.0,49.26307302443682,-123.1018777
Tetsu Sushi Bar,0.0,4.5,102.0,49.2917758,-123.1352662
The Charlatan,0.0,3.5,157.0,49.2717298,-123.0697249
The Eatery,0.0,3.5,522.0,49.2644193,-123.1803953
The Farmer's Apprentice,0.0,3.5,184.0,49.2662176,-123.1395648
The Firewood Café,0.0,4.0,122.0,49.2584924,-123.1148336
The Fish Counter,0.0,4.5,357.0,49.25076,-123.10136
The Flying Pig,0.0,4.0,1312.0,49.27501,-123.122
The Kitchen,0.0,3.5,37.0,49.26351040917396,-123.2089765
The Kitchen Dada,0.0,4.0,41.0,49.264037087133,-123.186078295112
The Lobby Lounge and RawBar,0.0,4.0,117.0,49.28816,-123.11659
The Mexican Antojitos Y Cantina,0.0,4.5,407.0,49.2787726,-123.1240268
The Park Pub,0.0,3.5,69.0,49.28694973954,-123.141087285986
The Pawn Shop YVR,0.0,4.0,162.0,49.2781054,-123.1252051
The Poke Guy,0.0,4.5,206.0,49.2837389,-123.1120629
The PokéMan,0.0,4.5,86.0,49.263233674428754,-123.18671230226757
The Red Accordion,0.0,4.5,82.0,49.29025,-123.131768
The Red Wagon,0.0,4.0,623.0,49.28122323218941,-123.06112288953248
The Templeton,0.0,4.0,533.0,49.2785261,-123.1243982
The Tiki Bar,0.0,4.0,33.0,49.28156,-123.07485
The Wolf & Hound,0.0,3.5,94.0,49.2644878,-123.1842188
Their There,0.0,4.0,118.0,49.2679649501648,-123.151158941154
Thierry,0.0,4.0,957.0,49.2848818,-123.1228949
Tocador,0.0,3.5,49.0,49.261764,-123.1008072
Tokyo In April,0.0,4.5,61.0,49.2806813,-123.1073936
Tom Sushi,0.0,4.5,228.0,49.2815608,-123.1327476
Tonton Sushi,0.0,4.0,74.0,49.2497178,-123.115173
Top of Vancouver Revolving Restaurant,0.0,3.0,381.0,49.28468,-123.11189
Trimble Park,0.0,5.0,1.0,49.2662076800639,-123.205293305218
True Confections,0.0,3.0,124.0,49.2641648618041,-123.181726746261
Twisted Fork,0.0,4.0,1110.0,49.283194,-123.104445
Ukrainian Village,0.0,4.0,171.0,49.2914123,-123.1358196
Uma Sushi,0.0,4.5,118.0,49.2638048,-123.1137294
Unchai Thai Restaurant,0.0,4.5,85.0,49.265112,-123.145913
Urban Tadka,0.0,5.0,9.0,49.27827,-123.07566
Viet Family- The Vegan House,0.0,5.0,22.0,49.27182591723078,-123.06974969875908
Viet House,0.0,3.5,73.0,49.2546156379752,-123.114992380142
Vij's Restaurant,0.0,4.0,402.0,49.25754,-123.11479
Vonns,0.0,4.5,40.0,49.28724,-123.14124
Water Street Cafe,0.0,3.5,320.0,49.2842264,-123.1090181
Westcoast Poke,0.0,4.0,173.0,49.26409,-123.1140415
Won More Szechuan Cuisine,0.0,4.0,79.0,49.28723,-123.14144
Xing Fu Tang Canada,0.0,3.5,151.0,49.254554,-123.1149538
Yasma,0.0,4.5,28.0,49.29337295420655,-123.1321844713631
Yolks,0.0,3.5,355.0,49.2631139,-123.1163529
Yu Shang Hot Pot,0.0,4.5,80.0,49.263149,-123.125629
Yuji's From Japan,0.0,4.0,53.0,49.26829655056762,-123.18604454110448
Zakkushi Dining On Main,0.0,4.0,222.0,49.24910063019759,-123.1015460312003
Zakkushi on Denman,0.0,4.0,258.0,49.29108,-123.13643
Zarak By Afghan Kitchen,0.0,4.5,86.0,49.266224,-123.1006089
iDen & Quan Ju De Beijing Duck House,0.0,3.5,112.0,49.26021,-123.1148451
